DistrictID,District,DM,DM_Pic_fl,DM_Pic,BusinessUnitID,DMImage
1,FD - 01,Valery Ushakov,http://farm6.staticflickr.com/5502/11550929204_d49a132feb_o.jpg,https://obvience-public.sharepoint.com/SiteAssets/images/demo/people/Valery Ushakov.jpg,3,-
2,FD - 02,Tina Lassila,http://farm3.staticflickr.com/2811/11551022076_9260a3f20d_o.jpg,https://obvience-public.sharepoint.com/SiteAssets/images/demo/people/Tina Lassila.jpg,3,-
3,FD - 03,Carlos Grilo,http://farm4.staticflickr.com/3682/11550895504_4cfa795013_o.jpg,https://obvience-public.sharepoint.com/SiteAssets/images/demo/people/Carlos Grilo.jpg,3,-
4,FD - 04,Andrew Ma,http://farm6.staticflickr.com/5537/11550895544_2f1fc49a1c_o.jpg,https://obvience-public.sharepoint.com/SiteAssets/images/demo/people/Andrew Ma.jpg,3,-
6,LI - 01,Allan Guinot,http://farm4.staticflickr.com/3672/11550895574_542fbb4125_o.jpg,https://obvience-public.sharepoint.com/SiteAssets/images/demo/people/Allan Guinot.jpg,1,-
7,LI - 02,Chris McGurk,http://farm8.staticflickr.com/7428/11549627473_2a071cc3cd_o.jpg,https://obvience-public.sharepoint.com/SiteAssets/images/demo/people/Chris McGurk.jpg,1,-
9,LI - 03,Chris Gray,http://farm4.staticflickr.com/3833/11549608016_e1c7d0e5ce_o.jpg,https://obvience-public.sharepoint.com/SiteAssets/images/demo/people/Chris Gray.jpg,1,-
10,LI - 04,Brad Sutton,http://farm6.staticflickr.com/5506/11549608026_8af4822738_o.jpg,https://obvience-public.sharepoint.com/SiteAssets/images/demo/people/Brad Sutton.jpg,1,-
11,LI - 05,Annelie Zubar,http://farm8.staticflickr.com/7358/11549627523_ccf0967139_o.jpg,https://obvience-public.sharepoint.com/SiteAssets/images/demo/people/Annelie Zubar.jpg,1,-
