BusinessEntityID,EmailAddressID,EmailAddress,ModifiedDate
1,1,ken0@adventure-works.com,2009-01-07 00:00:00.000
2,2,terri0@adventure-works.com,2008-01-24 00:00:00.000
3,3,roberto0@adventure-works.com,2007-11-04 00:00:00.000
4,4,rob0@adventure-works.com,2007-11-28 00:00:00.000
5,5,gail0@adventure-works.com,2007-12-30 00:00:00.000
6,6,jossef0@adventure-works.com,2013-12-16 00:00:00.000
7,7,dylan0@adventure-works.com,2009-02-01 00:00:00.000
8,8,diane1@adventure-works.com,2008-12-22 00:00:00.000
9,9,gigi0@adventure-works.com,2009-01-09 00:00:00.000
10,10,michael6@adventure-works.com,2009-04-26 00:00:00.000
11,11,ovidiu0@adventure-works.com,2010-11-28 00:00:00.000
12,12,thierry0@adventure-works.com,2007-12-04 00:00:00.000
13,13,janice0@adventure-works.com,2010-12-16 00:00:00.000
14,14,michael8@adventure-works.com,2010-12-23 00:00:00.000
15,15,sharon0@adventure-works.com,2011-01-11 00:00:00.000
16,16,david0@adventure-works.com,2007-12-13 00:00:00.000
17,17,kevin0@adventure-works.com,2007-01-19 00:00:00.000
18,18,john5@adventure-works.com,2011-01-31 00:00:00.000
19,19,mary2@adventure-works.com,2011-02-07 00:00:00.000
20,20,wanida0@adventure-works.com,2010-12-31 00:00:00.000
21,21,terry0@adventure-works.com,2009-02-23 00:00:00.000
22,22,sariya0@adventure-works.com,2008-12-05 00:00:00.000
23,23,mary0@adventure-works.com,2009-01-05 00:00:00.000
24,24,jill0@adventure-works.com,2009-01-11 00:00:00.000
25,25,james1@adventure-works.com,2009-01-27 00:00:00.000
26,26,peter0@adventure-works.com,2008-11-24 00:00:00.000
27,27,jo0@adventure-works.com,2008-02-20 00:00:00.000
28,28,guy1@adventure-works.com,2006-06-23 00:00:00.000
29,29,mark1@adventure-works.com,2009-01-16 00:00:00.000
30,30,britta0@adventure-works.com,2009-01-22 00:00:00.000
31,31,margie0@adventure-works.com,2008-12-28 00:00:00.000
32,32,rebecca0@adventure-works.com,2008-12-22 00:00:00.000
33,33,annik0@adventure-works.com,2008-12-10 00:00:00.000
34,34,suchitra0@adventure-works.com,2009-02-09 00:00:00.000
35,35,brandon0@adventure-works.com,2009-02-01 00:00:00.000
36,36,jose0@adventure-works.com,2009-02-03 00:00:00.000
37,37,chris2@adventure-works.com,2009-02-28 00:00:00.000
38,38,kim1@adventure-works.com,2010-01-09 00:00:00.000
39,39,ed0@adventure-works.com,2010-01-29 00:00:00.000
40,40,jolynn0@adventure-works.com,2007-12-19 00:00:00.000
41,41,bryan0@adventure-works.com,2009-01-14 00:00:00.000
42,42,james0@adventure-works.com,2008-12-20 00:00:00.000
43,43,nancy0@adventure-works.com,2008-12-26 00:00:00.000
44,44,simon0@adventure-works.com,2008-12-01 00:00:00.000
45,45,thomas0@adventure-works.com,2009-02-19 00:00:00.000
46,46,eugene1@adventure-works.com,2009-02-01 00:00:00.000
47,47,andrew0@adventure-works.com,2009-02-15 00:00:00.000
48,48,ruth0@adventure-works.com,2007-12-30 00:00:00.000
49,49,barry0@adventure-works.com,2013-11-29 00:00:00.000
50,50,sidney0@adventure-works.com,2008-01-26 00:00:00.000
51,51,jeffrey0@adventure-works.com,2008-02-13 00:00:00.000
52,52,doris0@adventure-works.com,2014-01-31 00:00:00.000
53,53,diane0@adventure-works.com,2008-03-21 00:00:00.000
54,54,bonnie0@adventure-works.com,2009-12-25 00:00:00.000
55,55,taylor0@adventure-works.com,2013-12-31 00:00:00.000
56,56,denise0@adventure-works.com,2009-01-29 00:00:00.000
57,57,frank1@adventure-works.com,2009-02-16 00:00:00.000
58,58,kendall0@adventure-works.com,2008-11-28 00:00:00.000
59,59,bob0@adventure-works.com,2008-12-17 00:00:00.000
60,60,pete0@adventure-works.com,2009-01-04 00:00:00.000
61,61,diane2@adventure-works.com,2009-01-11 00:00:00.000
62,62,john0@adventure-works.com,2014-02-07 00:00:00.000
63,63,maciej0@adventure-works.com,2010-01-22 00:00:00.000
64,64,michael7@adventure-works.com,2010-02-16 00:00:00.000
65,65,randy0@adventure-works.com,2010-02-16 00:00:00.000
66,66,karan0@adventure-works.com,2009-12-15 00:00:00.000
67,67,jay0@adventure-works.com,2009-02-26 00:00:00.000
68,68,charles0@adventure-works.com,2009-11-26 00:00:00.000
69,69,steve0@adventure-works.com,2009-02-08 00:00:00.000
70,70,david2@adventure-works.com,2008-12-08 00:00:00.000
71,71,michael3@adventure-works.com,2009-02-08 00:00:00.000
72,72,steven0@adventure-works.com,2008-11-24 00:00:00.000
73,73,carole0@adventure-works.com,2008-12-12 00:00:00.000
74,74,bjorn0@adventure-works.com,2008-12-31 00:00:00.000
75,75,michiko0@adventure-works.com,2009-01-19 00:00:00.000
76,76,carol0@adventure-works.com,2009-02-05 00:00:00.000
77,77,merav0@adventure-works.com,2009-02-24 00:00:00.000
78,78,reuben0@adventure-works.com,2008-12-08 00:00:00.000
79,79,eric1@adventure-works.com,2010-01-17 00:00:00.000
80,80,sandeep0@adventure-works.com,2010-01-10 00:00:00.000
81,81,mihail0@adventure-works.com,2009-12-22 00:00:00.000
82,82,jack1@adventure-works.com,2010-02-24 00:00:00.000
83,83,patrick1@adventure-works.com,2010-02-05 00:00:00.000
84,84,frank3@adventure-works.com,2010-01-29 00:00:00.000
85,85,brian2@adventure-works.com,2009-12-04 00:00:00.000
86,86,ryan0@adventure-works.com,2008-12-29 00:00:00.000
87,87,cristian0@adventure-works.com,2008-12-15 00:00:00.000
88,88,betsy0@adventure-works.com,2009-12-11 00:00:00.000
89,89,patrick0@adventure-works.com,2010-01-25 00:00:00.000
90,90,danielle0@adventure-works.com,2010-02-13 00:00:00.000
91,91,kimberly0@adventure-works.com,2010-01-05 00:00:00.000
92,92,tom0@adventure-works.com,2010-03-03 00:00:00.000
93,93,kok-ho0@adventure-works.com,2008-12-20 00:00:00.000
94,94,russell0@adventure-works.com,2008-12-05 00:00:00.000
95,95,jim0@adventure-works.com,2008-12-12 00:00:00.000
96,96,elizabeth0@adventure-works.com,2009-02-23 00:00:00.000
97,97,mandar0@adventure-works.com,2009-02-03 00:00:00.000
98,98,sameer0@adventure-works.com,2009-02-04 00:00:00.000
99,99,nuan0@adventure-works.com,2008-12-30 00:00:00.000
100,100,lolan0@adventure-works.com,2009-01-05 00:00:00.000
101,101,houman0@adventure-works.com,2009-01-18 00:00:00.000
102,102,zheng0@adventure-works.com,2008-11-26 00:00:00.000
103,103,ebru0@adventure-works.com,2009-11-29 00:00:00.000
104,104,mary1@adventure-works.com,2009-12-18 00:00:00.000
105,105,kevin2@adventure-works.com,2009-12-18 00:00:00.000
106,106,john4@adventure-works.com,2010-02-20 00:00:00.000
107,107,christopher0@adventure-works.com,2010-02-01 00:00:00.000
108,108,jinghao0@adventure-works.com,2008-12-01 00:00:00.000
109,109,alice0@adventure-works.com,2008-11-30 00:00:00.000
110,110,jun0@adventure-works.com,2008-12-07 00:00:00.000
111,111,suroor0@adventure-works.com,2008-12-10 00:00:00.000
112,112,john1@adventure-works.com,2008-12-25 00:00:00.000
113,113,linda0@adventure-works.com,2008-12-18 00:00:00.000
114,114,mindaugas0@adventure-works.com,2009-01-06 00:00:00.000
115,115,angela0@adventure-works.com,2009-01-13 00:00:00.000
116,116,michael2@adventure-works.com,2009-01-24 00:00:00.000
117,117,chad0@adventure-works.com,2009-02-11 00:00:00.000
118,118,don0@adventure-works.com,2009-02-06 00:00:00.000
119,119,michael4@adventure-works.com,2009-02-18 00:00:00.000
120,120,kitti0@adventure-works.com,2009-02-25 00:00:00.000
121,121,pilar0@adventure-works.com,2008-12-26 00:00:00.000
122,122,susan0@adventure-works.com,2008-11-30 00:00:00.000
123,123,vamsi0@adventure-works.com,2008-11-30 00:00:00.000
124,124,kim0@adventure-works.com,2008-12-19 00:00:00.000
125,125,matthias0@adventure-works.com,2009-01-13 00:00:00.000
126,126,jimmy0@adventure-works.com,2009-02-19 00:00:00.000
127,127,david4@adventure-works.com,2008-12-27 00:00:00.000
128,128,paul0@adventure-works.com,2008-11-27 00:00:00.000
129,129,gary0@adventure-works.com,2008-12-15 00:00:00.000
130,130,rob1@adventure-works.com,2009-02-06 00:00:00.000
131,131,baris0@adventure-works.com,2009-02-08 00:00:00.000
132,132,nicole0@adventure-works.com,2009-02-15 00:00:00.000
133,133,michael1@adventure-works.com,2009-01-03 00:00:00.000
134,134,eric0@adventure-works.com,2009-01-07 00:00:00.000
135,135,ivo0@adventure-works.com,2008-11-27 00:00:00.000
136,136,sylvester0@adventure-works.com,2009-12-04 00:00:00.000
137,137,anibal0@adventure-works.com,2009-02-16 00:00:00.000
138,138,samantha0@adventure-works.com,2009-01-28 00:00:00.000
139,139,hung-fu0@adventure-works.com,2009-12-30 00:00:00.000
140,140,prasanna0@adventure-works.com,2010-01-15 00:00:00.000
141,141,min0@adventure-works.com,2010-01-17 00:00:00.000
142,142,olinda0@adventure-works.com,2010-02-25 00:00:00.000
143,143,krishna0@adventure-works.com,2010-02-06 00:00:00.000
144,144,paul1@adventure-works.com,2009-01-10 00:00:00.000
145,145,cynthia0@adventure-works.com,2009-01-20 00:00:00.000
146,146,jianshuo0@adventure-works.com,2008-11-30 00:00:00.000
147,147,sandra0@adventure-works.com,2008-12-19 00:00:00.000
148,148,jason0@adventure-works.com,2009-01-07 00:00:00.000
149,149,andy0@adventure-works.com,2009-01-24 00:00:00.000
150,150,michael5@adventure-works.com,2009-02-19 00:00:00.000
151,151,rostislav0@adventure-works.com,2009-02-12 00:00:00.000
152,152,yuhong0@adventure-works.com,2009-01-25 00:00:00.000
153,153,hanying0@adventure-works.com,2008-12-09 00:00:00.000
154,154,raymond0@adventure-works.com,2008-12-16 00:00:00.000
155,155,fadi0@adventure-works.com,2008-12-28 00:00:00.000
156,156,lane0@adventure-works.com,2009-01-04 00:00:00.000
157,157,linda1@adventure-works.com,2009-01-27 00:00:00.000
158,158,shelley0@adventure-works.com,2009-02-28 00:00:00.000
159,159,terrence0@adventure-works.com,2009-02-09 00:00:00.000
160,160,jeff0@adventure-works.com,2009-01-14 00:00:00.000
161,161,kirk0@adventure-works.com,2008-12-08 00:00:00.000
162,162,laura0@adventure-works.com,2008-12-27 00:00:00.000
163,163,alex0@adventure-works.com,2009-02-01 00:00:00.000
164,164,andrew1@adventure-works.com,2009-02-27 00:00:00.000
165,165,chris0@adventure-works.com,2009-01-15 00:00:00.000
166,166,jack0@adventure-works.com,2009-02-14 00:00:00.000
167,167,david1@adventure-works.com,2008-11-25 00:00:00.000
168,168,garrett0@adventure-works.com,2008-11-30 00:00:00.000
169,169,susan1@adventure-works.com,2008-12-07 00:00:00.000
170,170,george0@adventure-works.com,2008-12-14 00:00:00.000
171,171,david3@adventure-works.com,2008-12-26 00:00:00.000
172,172,marc0@adventure-works.com,2009-01-09 00:00:00.000
173,173,eugene0@adventure-works.com,2009-01-14 00:00:00.000
174,174,benjamin0@adventure-works.com,2009-01-20 00:00:00.000
175,175,reed0@adventure-works.com,2009-01-26 00:00:00.000
176,176,david7@adventure-works.com,2009-02-07 00:00:00.000
177,177,russell1@adventure-works.com,2009-02-14 00:00:00.000
178,178,john3@adventure-works.com,2009-02-24 00:00:00.000
179,179,jan0@adventure-works.com,2009-02-26 00:00:00.000
180,180,katie0@adventure-works.com,2009-02-13 00:00:00.000
181,181,michael0@adventure-works.com,2008-12-02 00:00:00.000
182,182,nitin0@adventure-works.com,2008-12-21 00:00:00.000
183,183,barbara0@adventure-works.com,2009-01-15 00:00:00.000
184,184,john2@adventure-works.com,2009-02-02 00:00:00.000
185,185,stefen0@adventure-works.com,2009-02-21 00:00:00.000
186,186,shane0@adventure-works.com,2009-02-01 00:00:00.000
187,187,yvonne0@adventure-works.com,2008-12-02 00:00:00.000
188,188,douglas0@adventure-works.com,2008-12-20 00:00:00.000
189,189,janeth0@adventure-works.com,2009-01-08 00:00:00.000
190,190,robert0@adventure-works.com,2009-01-26 00:00:00.000
191,191,lionel0@adventure-works.com,2009-02-19 00:00:00.000
192,192,brenda0@adventure-works.com,2009-02-26 00:00:00.000
193,193,alejandro0@adventure-works.com,2008-11-29 00:00:00.000
194,194,fred0@adventure-works.com,2008-12-05 00:00:00.000
195,195,kevin1@adventure-works.com,2008-12-10 00:00:00.000
196,196,shammi0@adventure-works.com,2008-12-17 00:00:00.000
197,197,rajesh0@adventure-works.com,2008-12-24 00:00:00.000
198,198,lorraine0@adventure-works.com,2008-12-28 00:00:00.000
199,199,paula1@adventure-works.com,2009-01-05 00:00:00.000
200,200,frank0@adventure-works.com,2009-01-10 00:00:00.000
201,201,brian0@adventure-works.com,2009-01-22 00:00:00.000
202,202,tawana0@adventure-works.com,2009-01-29 00:00:00.000
203,203,ken1@adventure-works.com,2009-02-17 00:00:00.000
204,204,gabe0@adventure-works.com,2009-03-01 00:00:00.000
205,205,lori0@adventure-works.com,2009-02-19 00:00:00.000
206,206,stuart0@adventure-works.com,2008-11-25 00:00:00.000
207,207,greg0@adventure-works.com,2008-11-25 00:00:00.000
208,208,scott0@adventure-works.com,2009-01-01 00:00:00.000
209,209,kathie0@adventure-works.com,2009-01-20 00:00:00.000
210,210,belinda0@adventure-works.com,2009-02-13 00:00:00.000
211,211,hazem0@adventure-works.com,2009-02-21 00:00:00.000
212,212,peng0@adventure-works.com,2008-12-02 00:00:00.000
213,213,sootha0@adventure-works.com,2010-02-16 00:00:00.000
214,214,andreas0@adventure-works.com,2009-01-26 00:00:00.000
215,215,mark0@adventure-works.com,2009-01-08 00:00:00.000
216,216,sean0@adventure-works.com,2008-12-21 00:00:00.000
217,217,zainal0@adventure-works.com,2008-12-28 00:00:00.000
218,218,tengiz0@adventure-works.com,2008-12-09 00:00:00.000
219,219,sean1@adventure-works.com,2009-01-15 00:00:00.000
220,220,karen0@adventure-works.com,2009-02-02 00:00:00.000
221,221,chris1@adventure-works.com,2009-02-27 00:00:00.000
222,222,ascott0@adventure-works.com,2008-12-05 00:00:00.000
223,223,sairaj0@adventure-works.com,2009-01-19 00:00:00.000
224,224,william0@adventure-works.com,2008-12-31 00:00:00.000
225,225,alan0@adventure-works.com,2009-02-06 00:00:00.000
226,226,brian1@adventure-works.com,2009-02-24 00:00:00.000
227,227,gary1@adventure-works.com,2009-11-25 00:00:00.000
228,228,christian0@adventure-works.com,2008-12-07 00:00:00.000
229,229,lori1@adventure-works.com,2010-02-09 00:00:00.000
230,230,stuart1@adventure-works.com,2010-02-26 00:00:00.000
231,231,jo1@adventure-works.com,2010-02-28 00:00:00.000
232,232,pat0@adventure-works.com,2010-01-20 00:00:00.000
233,233,magnus0@adventure-works.com,2009-12-14 00:00:00.000
234,234,laura1@adventure-works.com,2009-01-24 00:00:00.000
235,235,paula0@adventure-works.com,2008-11-29 00:00:00.000
236,236,grant0@adventure-works.com,2009-02-18 00:00:00.000
237,237,hao0@adventure-works.com,2009-01-30 00:00:00.000
238,238,vidur0@adventure-works.com,2008-12-25 00:00:00.000
239,239,mindy0@adventure-works.com,2008-12-18 00:00:00.000
240,240,willis0@adventure-works.com,2008-12-06 00:00:00.000
241,241,david6@adventure-works.com,2009-01-23 00:00:00.000
242,242,deborah0@adventure-works.com,2008-12-11 00:00:00.000
243,243,candy0@adventure-works.com,2008-12-30 00:00:00.000
244,244,bryan1@adventure-works.com,2009-01-17 00:00:00.000
245,245,barbara1@adventure-works.com,2009-02-11 00:00:00.000
246,246,dragan0@adventure-works.com,2009-02-04 00:00:00.000
247,247,janet0@adventure-works.com,2009-02-22 00:00:00.000
248,248,mike0@adventure-works.com,2009-03-01 00:00:00.000
249,249,wendy0@adventure-works.com,2008-12-18 00:00:00.000
250,250,sheela0@adventure-works.com,2011-02-18 00:00:00.000
251,251,mikael0@adventure-works.com,2009-02-03 00:00:00.000
252,252,arvind0@adventure-works.com,2009-02-21 00:00:00.000
253,253,linda2@adventure-works.com,2009-12-10 00:00:00.000
254,254,fukiko0@adventure-works.com,2009-12-28 00:00:00.000
255,255,gordon0@adventure-works.com,2010-01-04 00:00:00.000
256,256,frank2@adventure-works.com,2010-01-16 00:00:00.000
257,257,eric2@adventure-works.com,2010-01-20 00:00:00.000
258,258,erin0@adventure-works.com,2010-01-24 00:00:00.000
259,259,ben0@adventure-works.com,2010-03-02 00:00:00.000
260,260,annette0@adventure-works.com,2010-11-29 00:00:00.000
261,261,reinout0@adventure-works.com,2010-12-18 00:00:00.000
262,262,david5@adventure-works.com,2009-01-05 00:00:00.000
263,263,jean0@adventure-works.com,2008-12-04 00:00:00.000
264,264,stephanie0@adventure-works.com,2009-01-28 00:00:00.000
265,265,ashvini0@adventure-works.com,2008-11-27 00:00:00.000
266,266,peter1@adventure-works.com,2009-02-16 00:00:00.000
267,267,karen1@adventure-works.com,2009-02-09 00:00:00.000
268,268,ramesh0@adventure-works.com,2009-01-27 00:00:00.000
269,269,dan0@adventure-works.com,2009-01-04 00:00:00.000
270,270,fran?ois0@adventure-works.com,2009-01-10 00:00:00.000
271,271,dan1@adventure-works.com,2009-01-15 00:00:00.000
272,272,janaina0@adventure-works.com,2008-12-16 00:00:00.000
273,273,brian3@adventure-works.com,2011-02-08 00:00:00.000
274,274,stephen0@adventure-works.com,2010-12-28 00:00:00.000
275,275,michael9@adventure-works.com,2011-05-24 00:00:00.000
276,276,linda3@adventure-works.com,2011-05-24 00:00:00.000
277,277,jillian0@adventure-works.com,2011-05-24 00:00:00.000
278,278,garrett1@adventure-works.com,2011-05-24 00:00:00.000
279,279,tsvi0@adventure-works.com,2011-05-24 00:00:00.000
280,280,pamela0@adventure-works.com,2011-05-24 00:00:00.000
281,281,shu0@adventure-works.com,2011-05-24 00:00:00.000
282,282,jos?1@adventure-works.com,2011-05-24 00:00:00.000
283,283,david8@adventure-works.com,2011-05-24 00:00:00.000
284,284,tete0@adventure-works.com,2012-09-23 00:00:00.000
285,285,syed0@adventure-works.com,2013-03-07 00:00:00.000
286,286,lynn0@adventure-works.com,2013-05-23 00:00:00.000
287,287,amy0@adventure-works.com,2012-04-09 00:00:00.000
288,288,rachel0@adventure-works.com,2013-05-23 00:00:00.000
289,289,jae0@adventure-works.com,2012-05-23 00:00:00.000
290,290,ranjit0@adventure-works.com,2012-05-23 00:00:00.000
291,291,gustavo0@adventure-works.com,2015-04-15 16:33:33.060
293,292,catherine0@adventure-works.com,2015-04-15 16:33:33.077
295,293,kim2@adventure-works.com,2015-04-15 16:33:33.077
297,294,humberto0@adventure-works.com,2015-04-15 16:33:33.090
299,295,pilar1@adventure-works.com,2015-04-15 16:33:33.090
301,296,frances0@adventure-works.com,2015-04-15 16:33:33.090
303,297,margaret0@adventure-works.com,2015-04-15 16:33:33.107
305,298,carla0@adventure-works.com,2015-04-15 16:33:33.107
307,299,jay1@adventure-works.com,2015-04-15 16:33:33.123
309,300,ronald0@adventure-works.com,2015-04-15 16:33:33.123
311,301,samuel0@adventure-works.com,2011-08-01 00:00:00.000
313,302,james2@adventure-works.com,2013-06-30 00:00:00.000
315,303,robert1@adventure-works.com,2013-07-31 00:00:00.000
317,304,fran?ois1@adventure-works.com,2011-05-31 00:00:00.000
319,305,kim3@adventure-works.com,2011-08-01 00:00:00.000
321,306,lili0@adventure-works.com,2012-07-31 00:00:00.000
323,307,amy1@adventure-works.com,2012-07-31 00:00:00.000
325,308,anna0@adventure-works.com,2012-05-30 00:00:00.000
327,309,milton0@adventure-works.com,2013-07-31 00:00:00.000
329,310,paul2@adventure-works.com,2013-05-30 00:00:00.000
331,311,gregory0@adventure-works.com,2012-06-30 00:00:00.000
333,312,jphillip0@adventure-works.com,2011-08-01 00:00:00.000
335,313,michelle0@adventure-works.com,2013-03-30 00:00:00.000
337,314,sean2@adventure-works.com,2013-06-30 00:00:00.000
339,315,phyllis0@adventure-works.com,2011-07-01 00:00:00.000
341,316,marvin0@adventure-works.com,2011-10-31 00:00:00.000
343,317,michael10@adventure-works.com,2011-07-01 00:00:00.000
345,318,cecil0@adventure-works.com,2011-07-01 00:00:00.000
347,319,oscar0@adventure-works.com,2011-07-01 00:00:00.000
349,320,sandra1@adventure-works.com,2013-07-31 00:00:00.000
351,321,selena0@adventure-works.com,2012-06-30 00:00:00.000
353,322,emilio0@adventure-works.com,2013-07-31 00:00:00.000
355,323,maxwell0@adventure-works.com,2011-07-01 00:00:00.000
357,324,mae0@adventure-works.com,2013-06-30 00:00:00.000
359,325,ramona0@adventure-works.com,2013-06-30 00:00:00.000
361,326,sabria0@adventure-works.com,2011-08-01 00:00:00.000
363,327,hannah0@adventure-works.com,2013-06-30 00:00:00.000
365,328,kyley0@adventure-works.com,2012-05-30 00:00:00.000
367,329,tom1@adventure-works.com,2011-07-01 00:00:00.000
369,330,thomas1@adventure-works.com,2011-07-01 00:00:00.000
371,331,john6@adventure-works.com,2011-07-01 00:00:00.000
373,332,chris3@adventure-works.com,2013-06-30 00:00:00.000
375,333,teresa0@adventure-works.com,2011-08-01 00:00:00.000
377,334,john7@adventure-works.com,2013-06-30 00:00:00.000
379,335,robert2@adventure-works.com,2013-07-31 00:00:00.000
381,336,stephen1@adventure-works.com,2012-07-31 00:00:00.000
383,337,phillip0@adventure-works.com,2013-07-31 00:00:00.000
385,338,daniel0@adventure-works.com,2012-07-31 00:00:00.000
387,339,cory0@adventure-works.com,2011-10-31 00:00:00.000
389,340,james3@adventure-works.com,2012-08-30 00:00:00.000
391,341,douglas1@adventure-works.com,2011-05-31 00:00:00.000
393,342,jennifer0@adventure-works.com,2013-07-31 00:00:00.000
395,343,alberto0@adventure-works.com,2011-08-01 00:00:00.000
397,344,wayne0@adventure-works.com,2012-07-31 00:00:00.000
399,345,darrell0@adventure-works.com,2011-08-01 00:00:00.000
401,346,angela1@adventure-works.com,2012-05-30 00:00:00.000
403,347,david9@adventure-works.com,2012-06-30 00:00:00.000
405,348,robert3@adventure-works.com,2012-10-30 00:00:00.000
407,349,rebecca1@adventure-works.com,2013-07-31 00:00:00.000
409,350,brenda1@adventure-works.com,2013-06-30 00:00:00.000
411,351,josh0@adventure-works.com,2011-07-01 00:00:00.000
413,352,adam0@adventure-works.com,2012-06-30 00:00:00.000
415,353,norma0@adventure-works.com,2012-05-30 00:00:00.000
417,354,gytis0@adventure-works.com,2011-10-01 00:00:00.000
419,355,david10@adventure-works.com,2013-06-30 00:00:00.000
421,356,karel0@adventure-works.com,2012-06-30 00:00:00.000
423,357,ciro0@adventure-works.com,2012-06-30 00:00:00.000
425,358,glenna0@adventure-works.com,2013-06-30 00:00:00.000
427,359,shaun0@adventure-works.com,2012-06-30 00:00:00.000
429,360,john8@adventure-works.com,2013-02-28 00:00:00.000
431,361,christopher1@adventure-works.com,2012-07-31 00:00:00.000
433,362,bradley0@adventure-works.com,2012-06-30 00:00:00.000
435,363,benjamin1@adventure-works.com,2013-06-30 00:00:00.000
437,364,ann0@adventure-works.com,2011-07-01 00:00:00.000
439,365,shane1@adventure-works.com,2011-05-31 00:00:00.000
441,366,stanley0@adventure-works.com,2013-07-31 00:00:00.000
443,367,mason0@adventure-works.com,2013-07-31 00:00:00.000
445,368,john9@adventure-works.com,2013-07-31 00:00:00.000
447,369,ido0@adventure-works.com,2011-05-31 00:00:00.000
449,370,edna0@adventure-works.com,2013-07-31 00:00:00.000
451,371,payton0@adventure-works.com,2011-10-01 00:00:00.000
453,372,max0@adventure-works.com,2011-10-01 00:00:00.000
455,373,scot0@adventure-works.com,2013-06-30 00:00:00.000
457,374,richard0@adventure-works.com,2013-03-30 00:00:00.000
459,375,marian0@adventure-works.com,2011-07-01 00:00:00.000
461,376,karen2@adventure-works.com,2012-05-30 00:00:00.000
463,377,alexander0@adventure-works.com,2013-07-31 00:00:00.000
465,378,john10@adventure-works.com,2011-07-01 00:00:00.000
467,379,kris0@adventure-works.com,2013-05-30 00:00:00.000
469,380,andreas1@adventure-works.com,2011-07-01 00:00:00.000
471,381,robert4@adventure-works.com,2012-07-31 00:00:00.000
473,382,matthias1@adventure-works.com,2012-06-30 00:00:00.000
475,383,john11@adventure-works.com,2013-06-30 00:00:00.000
477,384,steven1@adventure-works.com,2011-08-01 00:00:00.000
479,385,chris4@adventure-works.com,2013-07-31 00:00:00.000
481,386,mary3@adventure-works.com,2013-06-30 00:00:00.000
483,387,jimmy1@adventure-works.com,2011-05-31 00:00:00.000
485,388,mary4@adventure-works.com,2011-05-31 00:00:00.000
487,389,mae1@adventure-works.com,2011-05-31 00:00:00.000
489,390,jackie0@adventure-works.com,2013-06-30 00:00:00.000
491,391,donald0@adventure-works.com,2012-07-31 00:00:00.000
493,392,linda4@adventure-works.com,2011-07-01 00:00:00.000
495,393,michael11@adventure-works.com,2011-05-31 00:00:00.000
497,394,gabriel0@adventure-works.com,2011-07-01 00:00:00.000
499,395,michael12@adventure-works.com,2011-08-01 00:00:00.000
501,396,corinna0@adventure-works.com,2013-07-31 00:00:00.000
503,397,luis0@adventure-works.com,2012-07-31 00:00:00.000
505,398,randall0@adventure-works.com,2012-07-31 00:00:00.000
507,399,stephanie1@adventure-works.com,2013-06-30 00:00:00.000
509,400,eli0@adventure-works.com,2012-07-31 00:00:00.000
511,401,lester0@adventure-works.com,2011-08-01 00:00:00.000
513,402,david11@adventure-works.com,2013-08-30 00:00:00.000
515,403,cornelius0@adventure-works.com,2012-07-31 00:00:00.000
517,404,richard1@adventure-works.com,2011-05-31 00:00:00.000
519,405,sara0@adventure-works.com,2011-08-01 00:00:00.000
521,406,ted0@adventure-works.com,2011-07-01 00:00:00.000
523,407,alan1@adventure-works.com,2011-10-01 00:00:00.000
525,408,walter0@adventure-works.com,2012-07-31 00:00:00.000
527,409,christopher2@adventure-works.com,2011-10-01 00:00:00.000
529,410,carol1@adventure-works.com,2013-06-30 00:00:00.000
531,411,david12@adventure-works.com,2013-06-30 00:00:00.000
533,412,john12@adventure-works.com,2012-05-30 00:00:00.000
535,413,willie0@adventure-works.com,2011-10-01 00:00:00.000
537,414,carolee0@adventure-works.com,2013-05-30 00:00:00.000
539,415,jo2@adventure-works.com,2012-06-30 00:00:00.000
541,416,robert5@adventure-works.com,2013-05-30 00:00:00.000
543,417,kevin3@adventure-works.com,2011-08-01 00:00:00.000
545,418,mary5@adventure-works.com,2012-06-30 00:00:00.000
547,419,dave0@adventure-works.com,2012-05-30 00:00:00.000
549,420,bridget0@adventure-works.com,2013-05-30 00:00:00.000
551,421,eric3@adventure-works.com,2011-05-31 00:00:00.000
553,422,dick0@adventure-works.com,2013-06-30 00:00:00.000
555,423,michael13@adventure-works.com,2012-06-30 00:00:00.000
557,424,shirley0@adventure-works.com,2012-05-30 00:00:00.000
559,425,june0@adventure-works.com,2012-07-31 00:00:00.000
561,426,dirk0@adventure-works.com,2012-06-30 00:00:00.000
563,427,nancy1@adventure-works.com,2013-05-30 00:00:00.000
565,428,janainabarreirogambaro0@adventure-works.com,2013-07-31 00:00:00.000
567,429,edward0@adventure-works.com,2012-05-30 00:00:00.000
569,430,megan0@adventure-works.com,2012-05-30 00:00:00.000
571,431,ingrid0@adventure-works.com,2011-07-01 00:00:00.000
573,432,karren0@adventure-works.com,2011-05-31 00:00:00.000
575,433,ovidiu1@adventure-works.com,2012-07-31 00:00:00.000
577,434,dana0@adventure-works.com,2013-07-31 00:00:00.000
579,435,timothy0@adventure-works.com,2013-06-30 00:00:00.000
581,436,stephen2@adventure-works.com,2013-06-30 00:00:00.000
583,437,deanna0@adventure-works.com,2011-05-31 00:00:00.000
585,438,jared0@adventure-works.com,2011-10-01 00:00:00.000
587,439,richard2@adventure-works.com,2013-07-31 00:00:00.000
589,440,david13@adventure-works.com,2012-05-30 00:00:00.000
591,441,ryan1@adventure-works.com,2011-05-31 00:00:00.000
593,442,sylvia0@adventure-works.com,2012-09-30 00:00:00.000
595,443,mari0@adventure-works.com,2013-06-30 00:00:00.000
597,444,barbara2@adventure-works.com,2012-06-30 00:00:00.000
599,445,lindsey0@adventure-works.com,2011-07-01 00:00:00.000
601,446,gustavo1@adventure-works.com,2012-06-30 00:00:00.000
603,447,deedee0@adventure-works.com,2012-06-30 00:00:00.000
605,448,deborah1@adventure-works.com,2012-05-30 00:00:00.000
607,449,joan0@adventure-works.com,2011-07-01 00:00:00.000
609,450,david14@adventure-works.com,2012-09-30 00:00:00.000
611,451,henry0@adventure-works.com,2011-08-01 00:00:00.000
613,452,chris5@adventure-works.com,2013-05-30 00:00:00.000
615,453,joseph0@adventure-works.com,2011-07-01 00:00:00.000
617,454,suzanadeabreu0@adventure-works.com,2013-07-31 00:00:00.000
619,455,jun1@adventure-works.com,2012-09-30 00:00:00.000
621,456,johnny0@adventure-works.com,2012-06-30 00:00:00.000
623,457,richard3@adventure-works.com,2013-07-31 00:00:00.000
625,458,carlton0@adventure-works.com,2013-07-31 00:00:00.000
627,459,tyloren0@adventure-works.com,2012-06-30 00:00:00.000
629,460,jane0@adventure-works.com,2013-05-30 00:00:00.000
631,461,jovita0@adventure-works.com,2011-08-01 00:00:00.000
633,462,steve1@adventure-works.com,2012-06-30 00:00:00.000
635,463,fernando0@adventure-works.com,2013-05-30 00:00:00.000
637,464,rob2@adventure-works.com,2012-07-31 00:00:00.000
639,465,andy1@adventure-works.com,2012-05-30 00:00:00.000
641,466,donna0@adventure-works.com,2011-08-01 00:00:00.000
643,467,rosmarie0@adventure-works.com,2013-07-31 00:00:00.000
645,468,matthew0@adventure-works.com,2012-06-30 00:00:00.000
647,469,joseph1@adventure-works.com,2011-08-01 00:00:00.000
649,470,pamela1@adventure-works.com,2012-06-30 00:00:00.000
651,471,raul0@adventure-works.com,2013-05-30 00:00:00.000
653,472,elizabeth1@adventure-works.com,2011-08-01 00:00:00.000
655,473,matthew1@adventure-works.com,2013-06-30 00:00:00.000
657,474,brigid0@adventure-works.com,2012-07-31 00:00:00.000
659,475,andrew2@adventure-works.com,2013-07-31 00:00:00.000
661,476,stacey0@adventure-works.com,2011-05-31 00:00:00.000
663,477,baris1@adventure-works.com,2012-05-30 00:00:00.000
665,478,sean3@adventure-works.com,2013-05-30 00:00:00.000
667,479,pat1@adventure-works.com,2011-08-01 00:00:00.000
669,480,forrest0@adventure-works.com,2013-05-30 00:00:00.000
671,481,lee0@adventure-works.com,2011-08-01 00:00:00.000
673,482,greg1@adventure-works.com,2012-05-30 00:00:00.000
675,483,neil0@adventure-works.com,2013-07-31 00:00:00.000
677,484,hao1@adventure-works.com,2011-07-01 00:00:00.000
679,485,john13@adventure-works.com,2011-08-01 00:00:00.000
681,486,pei0@adventure-works.com,2013-07-31 00:00:00.000
683,487,yao-qiang0@adventure-works.com,2012-05-30 00:00:00.000
685,488,nicky0@adventure-works.com,2011-08-01 00:00:00.000
687,489,susan2@adventure-works.com,2013-05-30 00:00:00.000
689,490,martin0@adventure-works.com,2013-06-30 00:00:00.000
691,491,mike1@adventure-works.com,2012-05-30 00:00:00.000
693,492,ruth1@adventure-works.com,2011-08-01 00:00:00.000
695,493,anthony0@adventure-works.com,2013-07-31 00:00:00.000
697,494,charles1@adventure-works.com,2011-05-31 00:00:00.000
699,495,jill1@adventure-works.com,2012-06-30 00:00:00.000
701,496,alice1@adventure-works.com,2012-07-31 00:00:00.000
703,497,gina0@adventure-works.com,2011-07-01 00:00:00.000
705,498,james4@adventure-works.com,2013-06-30 00:00:00.000
707,499,jane1@adventure-works.com,2013-06-30 00:00:00.000
709,500,kristine0@adventure-works.com,2012-06-30 00:00:00.000
711,501,teanna0@adventure-works.com,2013-06-30 00:00:00.000
713,502,connie0@adventure-works.com,2011-10-01 00:00:00.000
715,503,jeanette0@adventure-works.com,2011-10-31 00:00:00.000
717,504,eric4@adventure-works.com,2013-05-30 00:00:00.000
719,505,pat2@adventure-works.com,2013-05-30 00:00:00.000
721,506,takiko0@adventure-works.com,2011-05-31 00:00:00.000
723,507,john14@adventure-works.com,2011-08-01 00:00:00.000
725,508,scott1@adventure-works.com,2011-10-31 00:00:00.000
727,509,aaron0@adventure-works.com,2011-07-01 00:00:00.000
729,510,peter2@adventure-works.com,2013-07-31 00:00:00.000
731,511,william1@adventure-works.com,2012-06-30 00:00:00.000
733,512,stephanie2@adventure-works.com,2012-07-31 00:00:00.000
735,513,amy2@adventure-works.com,2013-05-30 00:00:00.000
737,514,dorothy0@adventure-works.com,2011-07-01 00:00:00.000
739,515,patrick2@adventure-works.com,2011-08-01 00:00:00.000
741,516,scott2@adventure-works.com,2011-08-31 00:00:00.000
743,517,eva0@adventure-works.com,2012-05-30 00:00:00.000
745,518,marlin0@adventure-works.com,2012-06-30 00:00:00.000
747,519,ryan2@adventure-works.com,2013-07-31 00:00:00.000
749,520,bruno0@adventure-works.com,2011-07-01 00:00:00.000
751,521,pamela2@adventure-works.com,2011-08-01 00:00:00.000
753,522,jack2@adventure-works.com,2011-08-01 00:00:00.000
755,523,sharon1@adventure-works.com,2013-06-30 00:00:00.000
757,524,shelley1@adventure-works.com,2013-07-31 00:00:00.000
759,525,grant1@adventure-works.com,2011-07-01 00:00:00.000
761,526,scott3@adventure-works.com,2012-05-30 00:00:00.000
763,527,conor0@adventure-works.com,2011-08-01 00:00:00.000
765,528,jose2@adventure-works.com,2012-06-30 00:00:00.000
767,529,thierry1@adventure-works.com,2012-05-30 00:00:00.000
769,530,ryan3@adventure-works.com,2013-05-30 00:00:00.000
771,531,mike2@adventure-works.com,2013-05-30 00:00:00.000
773,532,megan1@adventure-works.com,2013-07-31 00:00:00.000
775,533,alvaro0@adventure-works.com,2012-07-31 00:00:00.000
777,534,jose3@adventure-works.com,2012-04-30 00:00:00.000
779,535,jacob0@adventure-works.com,2011-07-01 00:00:00.000
781,536,alexander1@adventure-works.com,2012-06-30 00:00:00.000
783,537,barbara3@adventure-works.com,2013-07-31 00:00:00.000
785,538,kirk1@adventure-works.com,2012-07-31 00:00:00.000
787,539,aidan0@adventure-works.com,2011-08-01 00:00:00.000
789,540,stefan0@adventure-works.com,2011-07-01 00:00:00.000
791,541,shawn0@adventure-works.com,2012-05-30 00:00:00.000
793,542,della0@adventure-works.com,2011-07-01 00:00:00.000
795,543,bruno1@adventure-works.com,2013-06-30 00:00:00.000
797,544,helen0@adventure-works.com,2012-07-31 00:00:00.000
799,545,prashanth0@adventure-works.com,2011-08-01 00:00:00.000
801,546,bev0@adventure-works.com,2012-07-31 00:00:00.000
803,547,brenda2@adventure-works.com,2011-08-01 00:00:00.000
805,548,gabriele0@adventure-works.com,2011-08-01 00:00:00.000
807,549,holly0@adventure-works.com,2012-06-30 00:00:00.000
809,550,dick1@adventure-works.com,2013-06-30 00:00:00.000
811,551,rudolph0@adventure-works.com,2011-08-01 00:00:00.000
813,552,andrew3@adventure-works.com,2011-08-01 00:00:00.000
815,553,blaine0@adventure-works.com,2011-07-01 00:00:00.000
817,554,cindy0@adventure-works.com,2011-07-01 00:00:00.000
819,555,john15@adventure-works.com,2011-05-31 00:00:00.000
821,556,patricia0@adventure-works.com,2012-09-30 00:00:00.000
823,557,gerald0@adventure-works.com,2013-07-31 00:00:00.000
825,558,gary2@adventure-works.com,2011-08-01 00:00:00.000
827,559,reuben1@adventure-works.com,2011-08-01 00:00:00.000
829,560,ed1@adventure-works.com,2013-06-30 00:00:00.000
831,561,bernard0@adventure-works.com,2011-07-01 00:00:00.000
833,562,tish0@adventure-works.com,2013-06-30 00:00:00.000
835,563,adrian0@adventure-works.com,2012-10-30 00:00:00.000
837,564,bart0@adventure-works.com,2013-06-30 00:00:00.000
839,565,maciej1@adventure-works.com,2011-10-01 00:00:00.000
841,566,shelley2@adventure-works.com,2014-01-29 00:00:00.000
843,567,linda5@adventure-works.com,2012-10-30 00:00:00.000
845,568,carla1@adventure-works.com,2011-07-01 00:00:00.000
847,569,carol2@adventure-works.com,2012-06-30 00:00:00.000
849,570,shannon0@adventure-works.com,2011-08-01 00:00:00.000
851,571,jauna0@adventure-works.com,2011-05-31 00:00:00.000
853,572,michael14@adventure-works.com,2013-07-31 00:00:00.000
855,573,terry1@adventure-works.com,2013-07-31 00:00:00.000
857,574,john16@adventure-works.com,2013-05-30 00:00:00.000
859,575,gail1@adventure-works.com,2013-07-31 00:00:00.000
861,576,mark2@adventure-works.com,2012-07-31 00:00:00.000
863,577,martha0@adventure-works.com,2011-08-01 00:00:00.000
865,578,julie0@adventure-works.com,2012-12-31 00:00:00.000
867,579,janeth1@adventure-works.com,2013-07-31 00:00:00.000
869,580,twanna0@adventure-works.com,2011-07-01 00:00:00.000
871,581,ann1@adventure-works.com,2012-07-31 00:00:00.000
873,582,john17@adventure-works.com,2012-05-30 00:00:00.000
875,583,marc1@adventure-works.com,2013-05-30 00:00:00.000
877,584,fadi1@adventure-works.com,2011-08-01 00:00:00.000
879,585,carolyn0@adventure-works.com,2011-05-31 00:00:00.000
881,586,geri0@adventure-works.com,2011-08-01 00:00:00.000
883,587,hanying1@adventure-works.com,2011-07-01 00:00:00.000
885,588,rhoda0@adventure-works.com,2012-07-31 00:00:00.000
887,589,duane0@adventure-works.com,2013-05-30 00:00:00.000
889,590,james5@adventure-works.com,2013-09-30 00:00:00.000
891,591,kathie1@adventure-works.com,2012-06-30 00:00:00.000
893,592,jay2@adventure-works.com,2014-05-01 00:00:00.000
895,593,kelly0@adventure-works.com,2011-08-01 00:00:00.000
897,594,jeffrey1@adventure-works.com,2011-10-01 00:00:00.000
899,595,garth0@adventure-works.com,2011-07-01 00:00:00.000
901,596,dorothy1@adventure-works.com,2012-07-31 00:00:00.000
903,597,judith0@adventure-works.com,2011-05-31 00:00:00.000
905,598,john18@adventure-works.com,2013-07-31 00:00:00.000
907,599,susan3@adventure-works.com,2011-05-31 00:00:00.000
909,600,liam0@adventure-works.com,2013-07-31 00:00:00.000
911,601,mihail1@adventure-works.com,2012-07-31 00:00:00.000
913,602,john19@adventure-works.com,2011-07-01 00:00:00.000
915,603,paul3@adventure-works.com,2012-06-30 00:00:00.000
917,604,don1@adventure-works.com,2013-07-31 00:00:00.000
919,605,bob1@adventure-works.com,2012-12-31 00:00:00.000
921,606,aldeen0@adventure-works.com,2013-08-30 00:00:00.000
923,607,michael15@adventure-works.com,2011-12-01 00:00:00.000
925,608,jon0@adventure-works.com,2011-08-01 00:00:00.000
927,609,kathleen0@adventure-works.com,2012-07-31 00:00:00.000
929,610,dominic0@adventure-works.com,2012-05-30 00:00:00.000
931,611,janet1@adventure-works.com,2012-05-30 00:00:00.000
933,612,orlando0@adventure-works.com,2011-07-01 00:00:00.000
935,613,darren0@adventure-works.com,2011-07-01 00:00:00.000
937,614,jim1@adventure-works.com,2012-07-31 00:00:00.000
939,615,barbara4@adventure-works.com,2013-05-30 00:00:00.000
941,616,tom2@adventure-works.com,2013-06-30 00:00:00.000
943,617,leo0@adventure-works.com,2012-05-30 00:00:00.000
945,618,cornett0@adventure-works.com,2013-06-30 00:00:00.000
947,619,frances1@adventure-works.com,2012-06-30 00:00:00.000
949,620,guy0@adventure-works.com,2012-07-31 00:00:00.000
951,621,janet2@adventure-works.com,2012-05-30 00:00:00.000
953,622,mary6@adventure-works.com,2012-05-30 00:00:00.000
955,623,david15@adventure-works.com,2011-10-31 00:00:00.000
957,624,jeanie0@adventure-works.com,2012-06-30 00:00:00.000
959,625,diane3@adventure-works.com,2011-10-01 00:00:00.000
961,626,james6@adventure-works.com,2012-06-30 00:00:00.000
963,627,scott4@adventure-works.com,2011-07-01 00:00:00.000
965,628,mete0@adventure-works.com,2011-10-31 00:00:00.000
967,629,jossef1@adventure-works.com,2013-05-30 00:00:00.000
969,630,brian4@adventure-works.com,2011-07-01 00:00:00.000
971,631,lynn1@adventure-works.com,2013-06-30 00:00:00.000
973,632,linda6@adventure-works.com,2011-07-01 00:00:00.000
975,633,abigail0@adventure-works.com,2012-06-30 00:00:00.000
977,634,michael16@adventure-works.com,2012-07-31 00:00:00.000
979,635,derek0@adventure-works.com,2011-07-01 00:00:00.000
981,636,lowell0@adventure-works.com,2012-05-30 00:00:00.000
983,637,jon1@adventure-works.com,2013-07-31 00:00:00.000
985,638,jane2@adventure-works.com,2012-06-30 00:00:00.000
987,639,geoff0@adventure-works.com,2012-06-30 00:00:00.000
989,640,douglas2@adventure-works.com,2013-07-31 00:00:00.000
991,641,brian5@adventure-works.com,2012-06-30 00:00:00.000
993,642,faith0@adventure-works.com,2013-07-31 00:00:00.000
995,643,greg2@adventure-works.com,2013-08-30 00:00:00.000
997,644,hattie0@adventure-works.com,2011-08-01 00:00:00.000
999,645,matthew2@adventure-works.com,2013-07-31 00:00:00.000
1001,646,erin1@adventure-works.com,2012-05-30 00:00:00.000
1003,647,betty0@adventure-works.com,2013-07-31 00:00:00.000
1005,648,karen3@adventure-works.com,2013-05-30 00:00:00.000
1007,649,don2@adventure-works.com,2013-06-30 00:00:00.000
1009,650,bryan2@adventure-works.com,2011-07-01 00:00:00.000
1011,651,james7@adventure-works.com,2011-10-31 00:00:00.000
1013,652,kerim0@adventure-works.com,2012-07-31 00:00:00.000
1015,653,jean1@adventure-works.com,2011-08-01 00:00:00.000
1017,654,mark3@adventure-works.com,2011-05-31 00:00:00.000
1019,655,william2@adventure-works.com,2013-07-31 00:00:00.000
1021,656,katherine0@adventure-works.com,2011-07-01 00:00:00.000
1023,657,kimberly1@adventure-works.com,2013-06-30 00:00:00.000
1025,658,lucy0@adventure-works.com,2012-07-31 00:00:00.000
1027,659,keith0@adventure-works.com,2012-06-30 00:00:00.000
1029,660,doris1@adventure-works.com,2013-06-30 00:00:00.000
1031,661,roger0@adventure-works.com,2011-07-01 00:00:00.000
1033,662,ann2@adventure-works.com,2012-06-30 00:00:00.000
1035,663,mark4@adventure-works.com,2013-05-30 00:00:00.000
1037,664,neal0@adventure-works.com,2013-07-31 00:00:00.000
1039,665,james8@adventure-works.com,2012-07-31 00:00:00.000
1041,666,jeff1@adventure-works.com,2013-07-31 00:00:00.000
1043,667,brenda3@adventure-works.com,2011-05-31 00:00:00.000
1045,668,james9@adventure-works.com,2011-05-31 00:00:00.000
1047,669,john20@adventure-works.com,2012-08-30 00:00:00.000
1049,670,valerie0@adventure-works.com,2011-05-31 00:00:00.000
1051,671,jay3@adventure-works.com,2012-06-30 00:00:00.000
1053,672,jeff2@adventure-works.com,2013-05-30 00:00:00.000
1055,673,kari0@adventure-works.com,2011-07-01 00:00:00.000
1057,674,deena0@adventure-works.com,2013-06-30 00:00:00.000
1059,675,irene0@adventure-works.com,2014-05-01 00:00:00.000
1061,676,j?sus0@adventure-works.com,2012-07-31 00:00:00.000
1063,677,pam0@adventure-works.com,2012-07-31 00:00:00.000
1065,678,cheryl0@adventure-works.com,2011-08-01 00:00:00.000
1067,679,ronald1@adventure-works.com,2012-06-30 00:00:00.000
1069,680,sidney1@adventure-works.com,2012-06-30 00:00:00.000
1071,681,onetha0@adventure-works.com,2013-05-30 00:00:00.000
1073,682,fran0@adventure-works.com,2012-07-31 00:00:00.000
1075,683,geneva0@adventure-works.com,2013-07-31 00:00:00.000
1077,684,andrew4@adventure-works.com,2013-07-31 00:00:00.000
1079,685,reinout1@adventure-works.com,2013-07-31 00:00:00.000
1081,686,mike3@adventure-works.com,2011-08-01 00:00:00.000
1083,687,matthew3@adventure-works.com,2013-07-31 00:00:00.000
1085,688,nancy2@adventure-works.com,2011-05-31 00:00:00.000
1087,689,rose0@adventure-works.com,2013-06-30 00:00:00.000
1089,690,douglas3@adventure-works.com,2011-07-01 00:00:00.000
1091,691,david16@adventure-works.com,2012-07-31 00:00:00.000
1093,692,helge0@adventure-works.com,2013-06-30 00:00:00.000
1095,693,barbara5@adventure-works.com,2011-05-31 00:00:00.000
1097,694,holly1@adventure-works.com,2013-05-30 00:00:00.000
1099,695,bob2@adventure-works.com,2013-05-30 00:00:00.000
1101,696,jean2@adventure-works.com,2012-06-30 00:00:00.000
1103,697,michael17@adventure-works.com,2013-07-31 00:00:00.000
1105,698,eddie0@adventure-works.com,2012-10-30 00:00:00.000
1107,699,juanita0@adventure-works.com,2011-07-01 00:00:00.000
1109,700,peter3@adventure-works.com,2013-07-31 00:00:00.000
1111,701,curtis0@adventure-works.com,2011-07-01 00:00:00.000
1113,702,joe0@adventure-works.com,2012-07-31 00:00:00.000
1115,703,janice1@adventure-works.com,2012-06-30 00:00:00.000
1117,704,george1@adventure-works.com,2011-12-01 00:00:00.000
1119,705,joshua0@adventure-works.com,2012-01-29 00:00:00.000
1121,706,arlene0@adventure-works.com,2013-06-30 00:00:00.000
1123,707,matthew4@adventure-works.com,2011-05-31 00:00:00.000
1125,708,phyllis1@adventure-works.com,2011-07-01 00:00:00.000
1127,709,lawrence0@adventure-works.com,2012-08-30 00:00:00.000
1129,710,ryan4@adventure-works.com,2013-06-30 00:00:00.000
1131,711,beth0@adventure-works.com,2012-07-31 00:00:00.000
1133,712,lucio0@adventure-works.com,2011-07-01 00:00:00.000
1135,713,richard4@adventure-works.com,2011-07-01 00:00:00.000
1137,714,erik0@adventure-works.com,2012-05-30 00:00:00.000
1139,715,denean0@adventure-works.com,2013-06-30 00:00:00.000
1141,716,raman0@adventure-works.com,2012-06-30 00:00:00.000
1143,717,bronson0@adventure-works.com,2014-05-01 00:00:00.000
1145,718,eric5@adventure-works.com,2013-05-30 00:00:00.000
1147,719,jodan0@adventure-works.com,2011-08-01 00:00:00.000
1149,720,mary7@adventure-works.com,2012-07-31 00:00:00.000
1151,721,david17@adventure-works.com,2013-05-30 00:00:00.000
1153,722,jay4@adventure-works.com,2012-05-30 00:00:00.000
1155,723,vance0@adventure-works.com,2012-06-30 00:00:00.000
1157,724,joyce0@adventure-works.com,2013-07-31 00:00:00.000
1159,725,george2@adventure-works.com,2013-07-31 00:00:00.000
1161,726,stephen3@adventure-works.com,2012-05-30 00:00:00.000
1163,727,samuel1@adventure-works.com,2011-07-01 00:00:00.000
1165,728,danielle1@adventure-works.com,2013-07-31 00:00:00.000
1167,729,greg3@adventure-works.com,2012-07-31 00:00:00.000
1169,730,barry1@adventure-works.com,2011-08-01 00:00:00.000
1171,731,brian6@adventure-works.com,2013-01-28 00:00:00.000
1173,732,david18@adventure-works.com,2011-07-01 00:00:00.000
1175,733,willis1@adventure-works.com,2011-08-31 00:00:00.000
1177,734,tamara0@adventure-works.com,2013-07-31 00:00:00.000
1179,735,robert6@adventure-works.com,2011-07-01 00:00:00.000
1181,736,brannon0@adventure-works.com,2011-07-01 00:00:00.000
1183,737,jean3@adventure-works.com,2011-05-31 00:00:00.000
1185,738,peggy0@adventure-works.com,2011-05-31 00:00:00.000
1187,739,diane4@adventure-works.com,2012-07-31 00:00:00.000
1189,740,scott5@adventure-works.com,2013-06-30 00:00:00.000
1191,741,sandra2@adventure-works.com,2011-07-01 00:00:00.000
1193,742,wendy1@adventure-works.com,2011-08-01 00:00:00.000
1195,743,sandeep1@adventure-works.com,2013-05-30 00:00:00.000
1197,744,john21@adventure-works.com,2013-05-30 00:00:00.000
1199,745,lori2@adventure-works.com,2012-06-30 00:00:00.000
1201,746,judith1@adventure-works.com,2012-06-30 00:00:00.000
1203,747,kay0@adventure-works.com,2011-08-01 00:00:00.000
1205,748,sandeep2@adventure-works.com,2011-05-31 00:00:00.000
1207,749,bonnie1@adventure-works.com,2013-06-30 00:00:00.000
1209,750,kendall1@adventure-works.com,2013-06-30 00:00:00.000
1211,751,victor0@adventure-works.com,2012-10-30 00:00:00.000
1213,752,john22@adventure-works.com,2011-07-01 00:00:00.000
1215,753,robert7@adventure-works.com,2012-07-31 00:00:00.000
1217,754,kevin4@adventure-works.com,2012-07-31 00:00:00.000
1219,755,mary8@adventure-works.com,2012-06-30 00:00:00.000
1221,756,alice2@adventure-works.com,2013-07-31 00:00:00.000
1223,757,elizabeth2@adventure-works.com,2011-07-01 00:00:00.000
1225,758,tammy0@adventure-works.com,2011-08-01 00:00:00.000
1227,759,imtiaz0@adventure-works.com,2011-07-01 00:00:00.000
1229,760,karan1@adventure-works.com,2013-06-30 00:00:00.000
1231,761,joe1@adventure-works.com,2013-06-30 00:00:00.000
1233,762,jim2@adventure-works.com,2012-05-30 00:00:00.000
1235,763,shane2@adventure-works.com,2012-06-30 00:00:00.000
1237,764,tim0@adventure-works.com,2013-06-30 00:00:00.000
1239,765,russell2@adventure-works.com,2011-05-31 00:00:00.000
1241,766,anton0@adventure-works.com,2012-06-30 00:00:00.000
1243,767,christian1@adventure-works.com,2011-08-01 00:00:00.000
1245,768,andrew5@adventure-works.com,2011-10-31 00:00:00.000
1247,769,reed1@adventure-works.com,2013-07-31 00:00:00.000
1249,770,jim3@adventure-works.com,2013-07-31 00:00:00.000
1251,771,kirk2@adventure-works.com,2013-06-30 00:00:00.000
1253,772,eugene2@adventure-works.com,2012-06-30 00:00:00.000
1255,773,scott6@adventure-works.com,2012-05-30 00:00:00.000
1257,774,joy0@adventure-works.com,2011-08-01 00:00:00.000
1259,775,pamala0@adventure-works.com,2013-07-31 00:00:00.000
1261,776,edward1@adventure-works.com,2013-06-30 00:00:00.000
1263,777,james10@adventure-works.com,2012-05-30 00:00:00.000
1265,778,mitch0@adventure-works.com,2012-06-30 00:00:00.000
1267,779,james11@adventure-works.com,2011-08-01 00:00:00.000
1269,780,margaret1@adventure-works.com,2011-07-01 00:00:00.000
1271,781,deepak0@adventure-works.com,2013-06-30 00:00:00.000
1273,782,jeffrey2@adventure-works.com,2012-07-31 00:00:00.000
1275,783,vamsi1@adventure-works.com,2013-06-30 00:00:00.000
1277,784,jeffrey3@adventure-works.com,2012-07-31 00:00:00.000
1279,785,peter4@adventure-works.com,2011-10-01 00:00:00.000
1281,786,eric6@adventure-works.com,2013-07-31 00:00:00.000
1283,787,rebecca2@adventure-works.com,2013-07-31 00:00:00.000
1285,788,cecilia0@adventure-works.com,2013-07-31 00:00:00.000
1287,789,david19@adventure-works.com,2012-10-30 00:00:00.000
1289,790,elsa0@adventure-works.com,2012-06-30 00:00:00.000
1291,791,michael18@adventure-works.com,2013-06-30 00:00:00.000
1293,792,marjorie0@adventure-works.com,2012-05-30 00:00:00.000
1295,793,frank4@adventure-works.com,2011-08-01 00:00:00.000
1297,794,mark5@adventure-works.com,2013-07-31 00:00:00.000
1299,795,robertson0@adventure-works.com,2013-06-30 00:00:00.000
1301,796,jolie0@adventure-works.com,2013-05-30 00:00:00.000
1303,797,roger1@adventure-works.com,2013-06-30 00:00:00.000
1305,798,a0@adventure-works.com,2013-07-31 00:00:00.000
1307,799,bonnie2@adventure-works.com,2011-08-01 00:00:00.000
1309,800,gloria0@adventure-works.com,2011-07-01 00:00:00.000
1311,801,linda7@adventure-works.com,2011-07-01 00:00:00.000
1313,802,steven2@adventure-works.com,2013-07-31 00:00:00.000
1315,803,judy0@adventure-works.com,2012-06-30 00:00:00.000
1317,804,elsie0@adventure-works.com,2013-07-31 00:00:00.000
1319,805,george3@adventure-works.com,2012-06-30 00:00:00.000
1321,806,yale0@adventure-works.com,2011-08-01 00:00:00.000
1323,807,yan0@adventure-works.com,2012-07-31 00:00:00.000
1325,808,yuhong1@adventure-works.com,2012-06-30 00:00:00.000
1327,809,joseph2@adventure-works.com,2012-06-30 00:00:00.000
1329,810,paulo0@adventure-works.com,2012-07-31 00:00:00.000
1331,811,david20@adventure-works.com,2011-07-01 00:00:00.000
1333,812,jinghao1@adventure-works.com,2012-07-31 00:00:00.000
1335,813,kevin5@adventure-works.com,2012-07-31 00:00:00.000
1337,814,run0@adventure-works.com,2011-05-31 00:00:00.000
1339,815,todd0@adventure-works.com,2012-07-31 00:00:00.000
1341,816,kok-ho1@adventure-works.com,2013-07-31 00:00:00.000
1343,817,john23@adventure-works.com,2011-07-01 00:00:00.000
1345,818,sharon2@adventure-works.com,2012-07-31 00:00:00.000
1347,819,jeremy0@adventure-works.com,2012-05-30 00:00:00.000
1349,820,spencer0@adventure-works.com,2011-07-01 00:00:00.000
1351,821,anita0@adventure-works.com,2013-07-31 00:00:00.000
1353,822,jose4@adventure-works.com,2013-07-31 00:00:00.000
1355,823,richard5@adventure-works.com,2011-08-01 00:00:00.000
1357,824,judy1@adventure-works.com,2011-08-01 00:00:00.000
1359,825,sean4@adventure-works.com,2013-07-31 00:00:00.000
1361,826,helen1@adventure-works.com,2011-07-01 00:00:00.000
1363,827,robert8@adventure-works.com,2011-08-01 00:00:00.000
1365,828,sharon3@adventure-works.com,2013-05-30 00:00:00.000
1367,829,robert9@adventure-works.com,2012-07-31 00:00:00.000
1369,830,jenny0@adventure-works.com,2013-07-31 00:00:00.000
1371,831,denise1@adventure-works.com,2011-08-31 00:00:00.000
1373,832,scott7@adventure-works.com,2011-05-31 00:00:00.000
1375,833,walter1@adventure-works.com,2012-07-31 00:00:00.000
1377,834,patrick3@adventure-works.com,2012-07-31 00:00:00.000
1379,835,kimberly2@adventure-works.com,2013-06-30 00:00:00.000
1381,836,ajay0@adventure-works.com,2013-12-31 00:00:00.000
1383,837,parul0@adventure-works.com,2013-06-30 00:00:00.000
1385,838,tomas0@adventure-works.com,2012-07-31 00:00:00.000
1387,839,kathy0@adventure-works.com,2012-05-30 00:00:00.000
1389,840,jill2@adventure-works.com,2011-05-31 00:00:00.000
1391,841,melissa0@adventure-works.com,2011-10-31 00:00:00.000
1393,842,cecelia0@adventure-works.com,2012-06-30 00:00:00.000
1395,843,benjamin2@adventure-works.com,2013-06-30 00:00:00.000
1397,844,linda8@adventure-works.com,2012-06-30 00:00:00.000
1399,845,mindy1@adventure-works.com,2012-06-30 00:00:00.000
1401,846,sandra3@adventure-works.com,2013-07-31 00:00:00.000
1403,847,frank5@adventure-works.com,2013-05-30 00:00:00.000
1405,848,steve2@adventure-works.com,2011-07-01 00:00:00.000
1407,849,joseph3@adventure-works.com,2012-09-30 00:00:00.000
1409,850,jennifer1@adventure-works.com,2012-06-30 00:00:00.000
1411,851,chris6@adventure-works.com,2012-09-30 00:00:00.000
1413,852,sandra4@adventure-works.com,2011-05-31 00:00:00.000
1415,853,john24@adventure-works.com,2012-06-30 00:00:00.000
1417,854,robin0@adventure-works.com,2011-05-31 00:00:00.000
1419,855,stacie0@adventure-works.com,2013-06-30 00:00:00.000
1421,856,katie1@adventure-works.com,2012-06-30 00:00:00.000
1423,857,lola0@adventure-works.com,2012-06-30 00:00:00.000
1425,858,jane3@adventure-works.com,2012-07-31 00:00:00.000
1427,859,nikki0@adventure-works.com,2012-05-30 00:00:00.000
1429,860,james12@adventure-works.com,2012-05-30 00:00:00.000
1431,861,christinia0@adventure-works.com,2013-08-30 00:00:00.000
1433,862,alejandro1@adventure-works.com,2013-06-30 00:00:00.000
1435,863,yvonne1@adventure-works.com,2011-08-01 00:00:00.000
1437,864,nkenge0@adventure-works.com,2011-07-01 00:00:00.000
1439,865,nancy3@adventure-works.com,2013-06-30 00:00:00.000
1441,866,nellie0@adventure-works.com,2013-07-31 00:00:00.000
1443,867,raquel0@adventure-works.com,2012-07-31 00:00:00.000
1445,868,gladys0@adventure-works.com,2012-06-30 00:00:00.000
1447,869,rmorgan0@adventure-works.com,2013-04-30 00:00:00.000
1449,870,tosh0@adventure-works.com,2012-06-30 00:00:00.000
1451,871,susan4@adventure-works.com,2013-07-31 00:00:00.000
1453,872,stephen4@adventure-works.com,2011-10-01 00:00:00.000
1455,873,eric7@adventure-works.com,2011-10-01 00:00:00.000
1457,874,helen2@adventure-works.com,2011-10-01 00:00:00.000
1459,875,deanna1@adventure-works.com,2011-10-31 00:00:00.000
1461,876,gary3@adventure-works.com,2013-06-30 00:00:00.000
1463,877,ramesh1@adventure-works.com,2013-06-30 00:00:00.000
1465,878,thomas2@adventure-works.com,2012-09-30 00:00:00.000
1467,879,jan1@adventure-works.com,2012-06-30 00:00:00.000
1469,880,virginia0@adventure-works.com,2012-05-30 00:00:00.000
1471,881,matthew5@adventure-works.com,2012-07-31 00:00:00.000
1473,882,emilo0@adventure-works.com,2013-07-31 00:00:00.000
1475,883,ben1@adventure-works.com,2013-06-30 00:00:00.000
1477,884,dylan1@adventure-works.com,2011-10-01 00:00:00.000
1479,885,frank6@adventure-works.com,2012-06-30 00:00:00.000
1481,886,neva0@adventure-works.com,2013-06-30 00:00:00.000
1483,887,linda9@adventure-works.com,2013-07-31 00:00:00.000
1485,888,scott8@adventure-works.com,2012-06-30 00:00:00.000
1487,889,robert10@adventure-works.com,2013-07-31 00:00:00.000
1489,890,joseph4@adventure-works.com,2013-07-31 00:00:00.000
1491,891,paula2@adventure-works.com,2011-12-23 00:00:00.000
1493,892,suchitra1@adventure-works.com,2011-04-25 00:00:00.000
1495,893,jonathan0@adventure-works.com,2011-04-25 00:00:00.000
1497,894,william3@adventure-works.com,2012-02-03 00:00:00.000
1499,895,alan2@adventure-works.com,2012-02-02 00:00:00.000
1501,896,hillaine0@adventure-works.com,2011-12-24 00:00:00.000
1503,897,bobby0@adventure-works.com,2011-12-24 00:00:00.000
1505,898,barbara6@adventure-works.com,2012-01-25 00:00:00.000
1507,899,jon2@adventure-works.com,2011-12-24 00:00:00.000
1509,900,julia0@adventure-works.com,2012-01-25 00:00:00.000
1511,901,marie0@adventure-works.com,2011-12-23 00:00:00.000
1513,902,zheng1@adventure-works.com,2012-02-03 00:00:00.000
1515,903,salman0@adventure-works.com,2012-01-25 00:00:00.000
1517,904,albert0@adventure-works.com,2011-12-24 00:00:00.000
1519,905,stuart2@adventure-works.com,2011-12-24 00:00:00.000
1521,906,billiejo0@adventure-works.com,2012-01-25 00:00:00.000
1523,907,dorothy2@adventure-works.com,2012-02-02 00:00:00.000
1525,908,ken2@adventure-works.com,2012-01-25 00:00:00.000
1527,909,suzanne0@adventure-works.com,2012-02-03 00:00:00.000
1529,910,mandar1@adventure-works.com,2011-12-24 00:00:00.000
1531,911,greg4@adventure-works.com,2012-01-29 00:00:00.000
1533,912,mike4@adventure-works.com,2012-02-02 00:00:00.000
1535,913,lorraine1@adventure-works.com,2012-01-17 00:00:00.000
1537,914,alex1@adventure-works.com,2012-02-18 00:00:00.000
1539,915,jan2@adventure-works.com,2011-12-23 00:00:00.000
1541,916,amir0@adventure-works.com,2012-01-25 00:00:00.000
1543,917,donals0@adventure-works.com,2011-12-24 00:00:00.000
1545,918,toby0@adventure-works.com,2012-01-29 00:00:00.000
1547,919,laura2@adventure-works.com,2011-12-24 00:00:00.000
1549,920,fred1@adventure-works.com,2012-02-03 00:00:00.000
1551,921,michael19@adventure-works.com,2012-01-25 00:00:00.000
1553,922,tim1@adventure-works.com,2012-02-18 00:00:00.000
1555,923,tina0@adventure-works.com,2012-02-18 00:00:00.000
1557,924,robert11@adventure-works.com,2012-02-03 00:00:00.000
1559,925,nino0@adventure-works.com,2011-12-24 00:00:00.000
1561,926,lee1@adventure-works.com,2012-02-02 00:00:00.000
1563,927,tad0@adventure-works.com,2011-12-23 00:00:00.000
1565,928,gloria1@adventure-works.com,2011-12-23 00:00:00.000
1567,929,fred2@adventure-works.com,2012-01-17 00:00:00.000
1569,930,john25@adventure-works.com,2012-01-25 00:00:00.000
1571,931,david21@adventure-works.com,2012-02-02 00:00:00.000
1573,932,michiko1@adventure-works.com,2011-12-24 00:00:00.000
1575,933,stu0@adventure-works.com,2012-02-03 00:00:00.000
1577,934,scott9@adventure-works.com,2012-02-18 00:00:00.000
1579,935,lori3@adventure-works.com,2011-04-25 00:00:00.000
1581,936,jyothi0@adventure-works.com,2012-01-25 00:00:00.000
1583,937,cristian1@adventure-works.com,2012-01-25 00:00:00.000
1585,938,mosha0@adventure-works.com,2012-02-02 00:00:00.000
1587,939,rajesh1@adventure-works.com,2012-02-02 00:00:00.000
1589,940,shyamalan0@adventure-works.com,2012-02-03 00:00:00.000
1591,941,michael20@adventure-works.com,2012-01-29 00:00:00.000
1593,942,trish0@adventure-works.com,2012-02-03 00:00:00.000
1595,943,frank7@adventure-works.com,2011-12-24 00:00:00.000
1597,944,lionel1@adventure-works.com,2011-12-24 00:00:00.000
1599,945,elizabeth3@adventure-works.com,2012-01-25 00:00:00.000
1601,946,john26@adventure-works.com,2011-12-23 00:00:00.000
1603,947,jonathan1@adventure-works.com,2011-12-23 00:00:00.000
1605,948,tina1@adventure-works.com,2012-01-25 00:00:00.000
1607,949,james13@adventure-works.com,2012-02-02 00:00:00.000
1609,950,glin0@adventure-works.com,2012-01-25 00:00:00.000
1611,951,sara1@adventure-works.com,2012-02-02 00:00:00.000
1613,952,carol3@adventure-works.com,2012-02-02 00:00:00.000
1615,953,patricia1@adventure-works.com,2011-05-09 00:00:00.000
1617,954,pat3@adventure-works.com,2012-01-29 00:00:00.000
1619,955,paulo1@adventure-works.com,2012-01-29 00:00:00.000
1621,956,deborah2@adventure-works.com,2012-02-02 00:00:00.000
1623,957,grigory0@adventure-works.com,2011-12-24 00:00:00.000
1625,958,carole1@adventure-works.com,2012-01-25 00:00:00.000
1627,959,cheryl1@adventure-works.com,2011-12-23 00:00:00.000
1629,960,alma0@adventure-works.com,2012-02-02 00:00:00.000
1631,961,ethel0@adventure-works.com,2012-02-02 00:00:00.000
1633,962,constance0@adventure-works.com,2011-05-09 00:00:00.000
1635,963,josh1@adventure-works.com,2012-01-17 00:00:00.000
1637,964,betty1@adventure-works.com,2012-01-25 00:00:00.000
1639,965,fred3@adventure-works.com,2012-02-02 00:00:00.000
1641,966,jeff3@adventure-works.com,2012-02-02 00:00:00.000
1643,967,milton1@adventure-works.com,2012-01-25 00:00:00.000
1645,968,sean5@adventure-works.com,2012-01-17 00:00:00.000
1647,969,monica0@adventure-works.com,2012-01-17 00:00:00.000
1649,970,marylou0@adventure-works.com,2011-04-25 00:00:00.000
1651,971,kim4@adventure-works.com,2012-02-18 00:00:00.000
1653,972,susan5@adventure-works.com,2011-05-09 00:00:00.000
1655,973,cynthia1@adventure-works.com,2012-02-02 00:00:00.000
1657,974,arvind1@adventure-works.com,2011-12-24 00:00:00.000
1659,975,simon1@adventure-works.com,2012-01-25 00:00:00.000
1661,976,michael21@adventure-works.com,2012-02-02 00:00:00.000
1663,977,suzann0@adventure-works.com,2011-05-09 00:00:00.000
1665,978,michelle1@adventure-works.com,2012-01-29 00:00:00.000
1667,979,jamie0@adventure-works.com,2012-02-03 00:00:00.000
1669,980,russell3@adventure-works.com,2012-02-03 00:00:00.000
1671,981,celine0@adventure-works.com,2012-01-25 00:00:00.000
1673,982,randy1@adventure-works.com,2012-02-18 00:00:00.000
1675,983,enoch0@adventure-works.com,2012-02-03 00:00:00.000
1677,984,eric8@adventure-works.com,2011-05-09 00:00:00.000
1679,985,adam1@adventure-works.com,2012-01-25 00:00:00.000
1681,986,constance1@adventure-works.com,2012-02-02 00:00:00.000
1683,987,albert1@adventure-works.com,2012-02-02 00:00:00.000
1685,988,dave1@adventure-works.com,2012-02-02 00:00:00.000
1687,989,jack3@adventure-works.com,2012-02-18 00:00:00.000
1689,990,marie1@adventure-works.com,2011-12-23 00:00:00.000
1691,991,william4@adventure-works.com,2011-12-24 00:00:00.000
1693,992,thomas3@adventure-works.com,2011-12-24 00:00:00.000
1695,993,stacy0@adventure-works.com,2011-12-24 00:00:00.000
1697,994,leota0@adventure-works.com,2011-12-23 00:00:00.000
1699,995,david22@adventure-works.com,2013-07-31 00:00:00.000
1700,996,rebecca3@adventure-works.com,2014-05-05 00:00:00.000
1701,997,dorothy3@adventure-works.com,2012-03-06 00:00:00.000
1702,998,carolann0@adventure-works.com,2011-09-26 00:00:00.000
1703,999,scott10@adventure-works.com,2012-03-17 00:00:00.000
1704,1000,jim4@adventure-works.com,2012-01-14 00:00:00.000
